INSERT INTO LKUP_level0 (level0Key, level0Label, level0Order, level0ImagePath) VALUES (1, 'First Trimester', 1, 'images/x_first_trimester_2.png');
INSERT INTO LKUP_level0 (level0Key, level0Label, level0Order, level0ImagePath) VALUES (2, 'Second Trimester', 2, 'images/x_second_trimester_2.png');
INSERT INTO LKUP_level0 (level0Key, level0Label, level0Order, level0ImagePath) VALUES (3, 'Third Trimester', 3, 'images/x_third_trimester_2.png');
INSERT INTO LKUP_level0 (level0Key, level0Label, level0Order, level0ImagePath) VALUES (4, 'New Born', 4, 'images/x_newborn_2.png');

INSERT INTO LKUP_level1 (level1Key, level1Label, level1Order, level1ImagePath) VALUES (1, 'Week 1', 1, NULL);
INSERT INTO LKUP_level1 (level1Key, level1Label, level1Order, level1ImagePath) VALUES (2, 'Week 2', 2, NULL);
INSERT INTO LKUP_level1 (level1Key, level1Label, level1Order, level1ImagePath) VALUES (3, 'Week 3', 3, NULL);
INSERT INTO LKUP_level1 (level1Key, level1Label, level1Order, level1ImagePath) VALUES (4, 'Week 4', 4, NULL);
INSERT INTO LKUP_level1 (level1Key, level1Label, level1Order, level1ImagePath) VALUES (5, 'Week 5', 5, NULL);
INSERT INTO LKUP_level1 (level1Key, level1Label, level1Order, level1ImagePath) VALUES (6, 'Week 6', 6, NULL);
INSERT INTO LKUP_level1 (level1Key, level1Label, level1Order, level1ImagePath) VALUES (7, 'Week 7', 7, NULL);
INSERT INTO LKUP_level1 (level1Key, level1Label, level1Order, level1ImagePath) VALUES (8, 'Week 8', 8, NULL);
INSERT INTO LKUP_level1 (level1Key, level1Label, level1Order, level1ImagePath) VALUES (9, 'Week 9', 9, NULL);
INSERT INTO LKUP_level1 (level1Key, level1Label, level1Order, level1ImagePath) VALUES (10, 'Week 10', 10, NULL);
INSERT INTO LKUP_level1 (level1Key, level1Label, level1Order, level1ImagePath) VALUES (11, 'Week 11', 11, NULL);
INSERT INTO LKUP_level1 (level1Key, level1Label, level1Order, level1ImagePath) VALUES (12, 'Week 12', 12, NULL);
INSERT INTO LKUP_level1 (level1Key, level1Label, level1Order, level1ImagePath) VALUES (13, 'Warning signs 1', 13, NULL);
INSERT INTO LKUP_level1 (level1Key, level1Label, level1Order, level1ImagePath) VALUES (14, 'Week 13', 14, NULL);
INSERT INTO LKUP_level1 (level1Key, level1Label, level1Order, level1ImagePath) VALUES (15, 'Week 14', 15, NULL);
INSERT INTO LKUP_level1 (level1Key, level1Label, level1Order, level1ImagePath) VALUES (16, 'Week 15', 16, NULL);
INSERT INTO LKUP_level1 (level1Key, level1Label, level1Order, level1ImagePath) VALUES (17, 'Week 16', 17, NULL);
INSERT INTO LKUP_level1 (level1Key, level1Label, level1Order, level1ImagePath) VALUES (18, 'Week 17', 18, NULL);
INSERT INTO LKUP_level1 (level1Key, level1Label, level1Order, level1ImagePath) VALUES (19, 'Week 18', 19, NULL);
INSERT INTO LKUP_level1 (level1Key, level1Label, level1Order, level1ImagePath) VALUES (20, 'Week 19', 20, NULL);
INSERT INTO LKUP_level1 (level1Key, level1Label, level1Order, level1ImagePath) VALUES (21, 'Week 20', 21, NULL);
INSERT INTO LKUP_level1 (level1Key, level1Label, level1Order, level1ImagePath) VALUES (22, 'Week 21', 22, NULL);
INSERT INTO LKUP_level1 (level1Key, level1Label, level1Order, level1ImagePath) VALUES (23, 'Week 22', 23, NULL);
INSERT INTO LKUP_level1 (level1Key, level1Label, level1Order, level1ImagePath) VALUES (24, 'Week 23', 24, NULL);
INSERT INTO LKUP_level1 (level1Key, level1Label, level1Order, level1ImagePath) VALUES (25, 'Week 24', 25, NULL);
INSERT INTO LKUP_level1 (level1Key, level1Label, level1Order, level1ImagePath) VALUES (26, 'Week 25', 26, NULL);
INSERT INTO LKUP_level1 (level1Key, level1Label, level1Order, level1ImagePath) VALUES (27, 'Week 26', 27, NULL);
INSERT INTO LKUP_level1 (level1Key, level1Label, level1Order, level1ImagePath) VALUES (28, 'Warning signs 2', 28, NULL);
INSERT INTO LKUP_level1 (level1Key, level1Label, level1Order, level1ImagePath) VALUES (29, 'Week 27', 29, NULL);
INSERT INTO LKUP_level1 (level1Key, level1Label, level1Order, level1ImagePath) VALUES (30, 'Week 28', 30, NULL);
INSERT INTO LKUP_level1 (level1Key, level1Label, level1Order, level1ImagePath) VALUES (31, 'Week 29', 31, NULL);
INSERT INTO LKUP_level1 (level1Key, level1Label, level1Order, level1ImagePath) VALUES (32, 'Week 30', 32, NULL);
INSERT INTO LKUP_level1 (level1Key, level1Label, level1Order, level1ImagePath) VALUES (33, 'Week 31', 33, NULL);
INSERT INTO LKUP_level1 (level1Key, level1Label, level1Order, level1ImagePath) VALUES (34, 'Week 32', 34, NULL);
INSERT INTO LKUP_level1 (level1Key, level1Label, level1Order, level1ImagePath) VALUES (35, 'Week 33', 35, NULL);
INSERT INTO LKUP_level1 (level1Key, level1Label, level1Order, level1ImagePath) VALUES (36, 'Week 34', 36, NULL);
INSERT INTO LKUP_level1 (level1Key, level1Label, level1Order, level1ImagePath) VALUES (37, 'Week 35', 37, NULL);
INSERT INTO LKUP_level1 (level1Key, level1Label, level1Order, level1ImagePath) VALUES (38, 'Week 36', 38, NULL);
INSERT INTO LKUP_level1 (level1Key, level1Label, level1Order, level1ImagePath) VALUES (39, 'Week 37', 39, NULL);
INSERT INTO LKUP_level1 (level1Key, level1Label, level1Order, level1ImagePath) VALUES (40, 'Week 38', 40, NULL);
INSERT INTO LKUP_level1 (level1Key, level1Label, level1Order, level1ImagePath) VALUES (41, 'Week 39', 41, NULL);
INSERT INTO LKUP_level1 (level1Key, level1Label, level1Order, level1ImagePath) VALUES (42, 'Week 40', 42, NULL);
INSERT INTO LKUP_level1 (level1Key, level1Label, level1Order, level1ImagePath) VALUES (43, 'Warning signs 3', 43, NULL);
INSERT INTO LKUP_level1 (level1Key, level1Label, level1Order, level1ImagePath) VALUES (44, 'Signs of labour', 44, NULL);
INSERT INTO LKUP_level1 (level1Key, level1Label, level1Order, level1ImagePath) VALUES (45, 'Week 1', 45, NULL);
INSERT INTO LKUP_level1 (level1Key, level1Label, level1Order, level1ImagePath) VALUES (46, 'Week 2', 46, NULL);
INSERT INTO LKUP_level1 (level1Key, level1Label, level1Order, level1ImagePath) VALUES (47, 'Week 3', 47, NULL);
INSERT INTO LKUP_level1 (level1Key, level1Label, level1Order, level1ImagePath) VALUES (48, 'Week 4', 48, NULL);
INSERT INTO LKUP_level1 (level1Key, level1Label, level1Order, level1ImagePath) VALUES (49, 'Advantages of breast feeding', 49, NULL);

INSERT INTO LKUP_level2 (level2Key,	level2Label, level2Order) VALUES (1, 'Home', 1);
INSERT INTO LKUP_level2 (level2Key,	level2Label, level2Order) VALUES (2, 'Body', 2);
INSERT INTO LKUP_level2 (level2Key,	level2Label, level2Order) VALUES (3, 'Tips', 3);
INSERT INTO LKUP_level2 (level2Key,	level2Label, level2Order) VALUES (4, 'Baby', 4);

INSERT INTO LKUP_content (contentKey,contentLabel,contentOrder,contentHTML) VALUES (1,'Week 1 1',0,'');
INSERT INTO LKUP_content (contentKey,contentLabel,contentOrder,contentHTML) VALUES (2,'Week 1 2',0,'');
INSERT INTO LKUP_content (contentKey,contentLabel,contentOrder,contentHTML) VALUES (3,'Week 1 3',0,'');
INSERT INTO LKUP_content (contentKey,contentLabel,contentOrder,contentHTML) VALUES (4,'Week 1 4',0,'');
INSERT INTO LKUP_content (contentKey,contentLabel,contentOrder,contentHTML) VALUES (5,'Week 2 1',0,'');
INSERT INTO LKUP_content (contentKey,contentLabel,contentOrder,contentHTML) VALUES (6,'Week 2 2',0,'');
INSERT INTO LKUP_content (contentKey,contentLabel,contentOrder,contentHTML) VALUES (7,'Week 2 3',0,'');
INSERT INTO LKUP_content (contentKey,contentLabel,contentOrder,contentHTML) VALUES (8,'Week 2 4',0,'');
INSERT INTO LKUP_content (contentKey,contentLabel,contentOrder,contentHTML) VALUES (9,'Week 3 1',0,'');
INSERT INTO LKUP_content (contentKey,contentLabel,contentOrder,contentHTML) VALUES (10,'Week 3 2',0,'');
INSERT INTO LKUP_content (contentKey,contentLabel,contentOrder,contentHTML) VALUES (11,'Week 3 3',0,'');
INSERT INTO LKUP_content (contentKey,contentLabel,contentOrder,contentHTML) VALUES (12,'Week 3 4',0,'');
INSERT INTO LKUP_content (contentKey,contentLabel,contentOrder,contentHTML) VALUES (13,'Week 4 1',0,'');
INSERT INTO LKUP_content (contentKey,contentLabel,contentOrder,contentHTML) VALUES (14,'Week 4 2',0,'');
INSERT INTO LKUP_content (contentKey,contentLabel,contentOrder,contentHTML) VALUES (15,'Week 4 3',0,'');
INSERT INTO LKUP_content (contentKey,contentLabel,contentOrder,contentHTML) VALUES (16,'Week 4 4',0,'');
INSERT INTO LKUP_content (contentKey,contentLabel,contentOrder,contentHTML) VALUES (17,'Week 5 1',0,'');
INSERT INTO LKUP_content (contentKey,contentLabel,contentOrder,contentHTML) VALUES (18,'Week 5 2',0,'');
INSERT INTO LKUP_content (contentKey,contentLabel,contentOrder,contentHTML) VALUES (19,'Week 5 3',0,'');
INSERT INTO LKUP_content (contentKey,contentLabel,contentOrder,contentHTML) VALUES (20,'Week 5 4',0,'');
INSERT INTO LKUP_content (contentKey,contentLabel,contentOrder,contentHTML) VALUES (21,'Week 6 1',0,'');
INSERT INTO LKUP_content (contentKey,contentLabel,contentOrder,contentHTML) VALUES (22,'Week 6 2',0,'');
INSERT INTO LKUP_content (contentKey,contentLabel,contentOrder,contentHTML) VALUES (23,'Week 6 3',0,'');
INSERT INTO LKUP_content (contentKey,contentLabel,contentOrder,contentHTML) VALUES (24,'Week 6 4',0,'');
INSERT INTO LKUP_content (contentKey,contentLabel,contentOrder,contentHTML) VALUES (25,'Week 7 1',0,'');
INSERT INTO LKUP_content (contentKey,contentLabel,contentOrder,contentHTML) VALUES (26,'Week 7 2',0,'');
INSERT INTO LKUP_content (contentKey,contentLabel,contentOrder,contentHTML) VALUES (27,'Week 7 3',0,'');
INSERT INTO LKUP_content (contentKey,contentLabel,contentOrder,contentHTML) VALUES (28,'Week 7 4',0,'');
INSERT INTO LKUP_content (contentKey,contentLabel,contentOrder,contentHTML) VALUES (29,'Week 8 1',0,'');
INSERT INTO LKUP_content (contentKey,contentLabel,contentOrder,contentHTML) VALUES (30,'Week 8 2',0,'');
INSERT INTO LKUP_content (contentKey,contentLabel,contentOrder,contentHTML) VALUES (31,'Week 8 3',0,'');
INSERT INTO LKUP_content (contentKey,contentLabel,contentOrder,contentHTML) VALUES (32,'Week 8 4',0,'');
INSERT INTO LKUP_content (contentKey,contentLabel,contentOrder,contentHTML) VALUES (33,'Week 9 1',0,'');
INSERT INTO LKUP_content (contentKey,contentLabel,contentOrder,contentHTML) VALUES (34,'Week 9 2',0,'');
INSERT INTO LKUP_content (contentKey,contentLabel,contentOrder,contentHTML) VALUES (35,'Week 9 3',0,'');
INSERT INTO LKUP_content (contentKey,contentLabel,contentOrder,contentHTML) VALUES (36,'Week 9 4',0,'');
INSERT INTO LKUP_content (contentKey,contentLabel,contentOrder,contentHTML) VALUES (37,'Week 10 1',0,'');
INSERT INTO LKUP_content (contentKey,contentLabel,contentOrder,contentHTML) VALUES (38,'Week 10 2',0,'');
INSERT INTO LKUP_content (contentKey,contentLabel,contentOrder,contentHTML) VALUES (39,'Week 10 3',0,'');
INSERT INTO LKUP_content (contentKey,contentLabel,contentOrder,contentHTML) VALUES (40,'Week 10 4',0,'');
INSERT INTO LKUP_content (contentKey,contentLabel,contentOrder,contentHTML) VALUES (41,'Week 11 1',0,'');
INSERT INTO LKUP_content (contentKey,contentLabel,contentOrder,contentHTML) VALUES (42,'Week 11 2',0,'');
INSERT INTO LKUP_content (contentKey,contentLabel,contentOrder,contentHTML) VALUES (43,'Week 11 3',0,'');
INSERT INTO LKUP_content (contentKey,contentLabel,contentOrder,contentHTML) VALUES (44,'Week 11 4',0,'');
INSERT INTO LKUP_content (contentKey,contentLabel,contentOrder,contentHTML) VALUES (45,'Week 12 1',0,'');
INSERT INTO LKUP_content (contentKey,contentLabel,contentOrder,contentHTML) VALUES (46,'Week 12 2',0,'');
INSERT INTO LKUP_content (contentKey,contentLabel,contentOrder,contentHTML) VALUES (47,'Week 12 3',0,'');
INSERT INTO LKUP_content (contentKey,contentLabel,contentOrder,contentHTML) VALUES (48,'Week 12 4',0,'');
INSERT INTO LKUP_content (contentKey,contentLabel,contentOrder,contentHTML) VALUES (49,'Week 13 1',0,'');
INSERT INTO LKUP_content (contentKey,contentLabel,contentOrder,contentHTML) VALUES (50,'Week 13 2',0,'');
INSERT INTO LKUP_content (contentKey,contentLabel,contentOrder,contentHTML) VALUES (51,'Week 13 3',0,'');
INSERT INTO LKUP_content (contentKey,contentLabel,contentOrder,contentHTML) VALUES (52,'Week 13 4',0,'');
INSERT INTO LKUP_content (contentKey,contentLabel,contentOrder,contentHTML) VALUES (53,'Week 14 1',0,'');
INSERT INTO LKUP_content (contentKey,contentLabel,contentOrder,contentHTML) VALUES (54,'Week 14 2',0,'');
INSERT INTO LKUP_content (contentKey,contentLabel,contentOrder,contentHTML) VALUES (55,'Week 14 3',0,'');
INSERT INTO LKUP_content (contentKey,contentLabel,contentOrder,contentHTML) VALUES (56,'Week 14 4',0,'');
INSERT INTO LKUP_content (contentKey,contentLabel,contentOrder,contentHTML) VALUES (57,'Week 15 1',0,'');
INSERT INTO LKUP_content (contentKey,contentLabel,contentOrder,contentHTML) VALUES (58,'Week 15 2',0,'');
INSERT INTO LKUP_content (contentKey,contentLabel,contentOrder,contentHTML) VALUES (59,'Week 15 3',0,'');
INSERT INTO LKUP_content (contentKey,contentLabel,contentOrder,contentHTML) VALUES (60,'Week 15 4',0,'');
INSERT INTO LKUP_content (contentKey,contentLabel,contentOrder,contentHTML) VALUES (61,'Week 16 1',0,'');
INSERT INTO LKUP_content (contentKey,contentLabel,contentOrder,contentHTML) VALUES (62,'Week 16 2',0,'');
INSERT INTO LKUP_content (contentKey,contentLabel,contentOrder,contentHTML) VALUES (63,'Week 16 3',0,'');
INSERT INTO LKUP_content (contentKey,contentLabel,contentOrder,contentHTML) VALUES (64,'Week 16 4',0,'');
INSERT INTO LKUP_content (contentKey,contentLabel,contentOrder,contentHTML) VALUES (65,'Week 17 1',0,'');
INSERT INTO LKUP_content (contentKey,contentLabel,contentOrder,contentHTML) VALUES (66,'Week 17 2',0,'');
INSERT INTO LKUP_content (contentKey,contentLabel,contentOrder,contentHTML) VALUES (67,'Week 17 3',0,'');
INSERT INTO LKUP_content (contentKey,contentLabel,contentOrder,contentHTML) VALUES (68,'Week 17 4',0,'');
INSERT INTO LKUP_content (contentKey,contentLabel,contentOrder,contentHTML) VALUES (69,'Week 18 1',0,'');
INSERT INTO LKUP_content (contentKey,contentLabel,contentOrder,contentHTML) VALUES (70,'Week 18 2',0,'');
INSERT INTO LKUP_content (contentKey,contentLabel,contentOrder,contentHTML) VALUES (71,'Week 18 3',0,'');
INSERT INTO LKUP_content (contentKey,contentLabel,contentOrder,contentHTML) VALUES (72,'Week 18 4',0,'');
INSERT INTO LKUP_content (contentKey,contentLabel,contentOrder,contentHTML) VALUES (73,'Week 19 1',0,'');
INSERT INTO LKUP_content (contentKey,contentLabel,contentOrder,contentHTML) VALUES (74,'Week 19 2',0,'');
INSERT INTO LKUP_content (contentKey,contentLabel,contentOrder,contentHTML) VALUES (75,'Week 19 3',0,'');
INSERT INTO LKUP_content (contentKey,contentLabel,contentOrder,contentHTML) VALUES (76,'Week 19 4',0,'');
INSERT INTO LKUP_content (contentKey,contentLabel,contentOrder,contentHTML) VALUES (77,'Week 20 1',0,'');
INSERT INTO LKUP_content (contentKey,contentLabel,contentOrder,contentHTML) VALUES (78,'Week 20 2',0,'');
INSERT INTO LKUP_content (contentKey,contentLabel,contentOrder,contentHTML) VALUES (79,'Week 20 3',0,'');
INSERT INTO LKUP_content (contentKey,contentLabel,contentOrder,contentHTML) VALUES (80,'Week 20 4',0,'');
INSERT INTO LKUP_content (contentKey,contentLabel,contentOrder,contentHTML) VALUES (81,'Week 21 1',0,'');
INSERT INTO LKUP_content (contentKey,contentLabel,contentOrder,contentHTML) VALUES (82,'Week 21 2',0,'');
INSERT INTO LKUP_content (contentKey,contentLabel,contentOrder,contentHTML) VALUES (83,'Week 21 3',0,'');
INSERT INTO LKUP_content (contentKey,contentLabel,contentOrder,contentHTML) VALUES (84,'Week 21 4',0,'');
INSERT INTO LKUP_content (contentKey,contentLabel,contentOrder,contentHTML) VALUES (85,'Week 22 1',0,'');
INSERT INTO LKUP_content (contentKey,contentLabel,contentOrder,contentHTML) VALUES (86,'Week 22 2',0,'');
INSERT INTO LKUP_content (contentKey,contentLabel,contentOrder,contentHTML) VALUES (87,'Week 22 3',0,'');
INSERT INTO LKUP_content (contentKey,contentLabel,contentOrder,contentHTML) VALUES (88,'Week 22 4',0,'');
INSERT INTO LKUP_content (contentKey,contentLabel,contentOrder,contentHTML) VALUES (89,'Week 23 1',0,'');
INSERT INTO LKUP_content (contentKey,contentLabel,contentOrder,contentHTML) VALUES (90,'Week 23 2',0,'');
INSERT INTO LKUP_content (contentKey,contentLabel,contentOrder,contentHTML) VALUES (91,'Week 23 3',0,'');
INSERT INTO LKUP_content (contentKey,contentLabel,contentOrder,contentHTML) VALUES (92,'Week 23 4',0,'');
INSERT INTO LKUP_content (contentKey,contentLabel,contentOrder,contentHTML) VALUES (93,'Week 24 1',0,'');
INSERT INTO LKUP_content (contentKey,contentLabel,contentOrder,contentHTML) VALUES (94,'Week 24 2',0,'');
INSERT INTO LKUP_content (contentKey,contentLabel,contentOrder,contentHTML) VALUES (95,'Week 24 3',0,'');
INSERT INTO LKUP_content (contentKey,contentLabel,contentOrder,contentHTML) VALUES (96,'Week 24 4',0,'');
INSERT INTO LKUP_content (contentKey,contentLabel,contentOrder,contentHTML) VALUES (97,'Week 25 1',0,'');
INSERT INTO LKUP_content (contentKey,contentLabel,contentOrder,contentHTML) VALUES (98,'Week 25 2',0,'');
INSERT INTO LKUP_content (contentKey,contentLabel,contentOrder,contentHTML) VALUES (99,'Week 25 3',0,'');
INSERT INTO LKUP_content (contentKey,contentLabel,contentOrder,contentHTML) VALUES (100,'Week 25 4',0,'');
INSERT INTO LKUP_content (contentKey,contentLabel,contentOrder,contentHTML) VALUES (101,'Week 26 1',0,'');
INSERT INTO LKUP_content (contentKey,contentLabel,contentOrder,contentHTML) VALUES (102,'Week 26 2',0,'');
INSERT INTO LKUP_content (contentKey,contentLabel,contentOrder,contentHTML) VALUES (103,'Week 26 3',0,'');
INSERT INTO LKUP_content (contentKey,contentLabel,contentOrder,contentHTML) VALUES (104,'Week 26 4',0,'');
INSERT INTO LKUP_content (contentKey,contentLabel,contentOrder,contentHTML) VALUES (105,'Week 27 1',0,'');
INSERT INTO LKUP_content (contentKey,contentLabel,contentOrder,contentHTML) VALUES (106,'Week 27 2',0,'');
INSERT INTO LKUP_content (contentKey,contentLabel,contentOrder,contentHTML) VALUES (107,'Week 27 3',0,'');
INSERT INTO LKUP_content (contentKey,contentLabel,contentOrder,contentHTML) VALUES (108,'Week 27 4',0,'');
INSERT INTO LKUP_content (contentKey,contentLabel,contentOrder,contentHTML) VALUES (109,'Week 28 1',0,'');
INSERT INTO LKUP_content (contentKey,contentLabel,contentOrder,contentHTML) VALUES (110,'Week 28 2',0,'');
INSERT INTO LKUP_content (contentKey,contentLabel,contentOrder,contentHTML) VALUES (111,'Week 28 3',0,'');
INSERT INTO LKUP_content (contentKey,contentLabel,contentOrder,contentHTML) VALUES (112,'Week 28 4',0,'');
INSERT INTO LKUP_content (contentKey,contentLabel,contentOrder,contentHTML) VALUES (113,'Week 29 1',0,'');
INSERT INTO LKUP_content (contentKey,contentLabel,contentOrder,contentHTML) VALUES (114,'Week 29 2',0,'');
INSERT INTO LKUP_content (contentKey,contentLabel,contentOrder,contentHTML) VALUES (115,'Week 29 3',0,'');
INSERT INTO LKUP_content (contentKey,contentLabel,contentOrder,contentHTML) VALUES (116,'Week 29 4',0,'');
INSERT INTO LKUP_content (contentKey,contentLabel,contentOrder,contentHTML) VALUES (117,'Week 30 1',0,'');
INSERT INTO LKUP_content (contentKey,contentLabel,contentOrder,contentHTML) VALUES (118,'Week 30 2',0,'');
INSERT INTO LKUP_content (contentKey,contentLabel,contentOrder,contentHTML) VALUES (119,'Week 30 3',0,'');
INSERT INTO LKUP_content (contentKey,contentLabel,contentOrder,contentHTML) VALUES (120,'Week 30 4',0,'');
INSERT INTO LKUP_content (contentKey,contentLabel,contentOrder,contentHTML) VALUES (121,'Week 31 1',0,'');
INSERT INTO LKUP_content (contentKey,contentLabel,contentOrder,contentHTML) VALUES (122,'Week 31 2',0,'');
INSERT INTO LKUP_content (contentKey,contentLabel,contentOrder,contentHTML) VALUES (123,'Week 31 3',0,'');
INSERT INTO LKUP_content (contentKey,contentLabel,contentOrder,contentHTML) VALUES (124,'Week 31 4',0,'');
INSERT INTO LKUP_content (contentKey,contentLabel,contentOrder,contentHTML) VALUES (125,'Week 32 1',0,'');
INSERT INTO LKUP_content (contentKey,contentLabel,contentOrder,contentHTML) VALUES (126,'Week 32 2',0,'');
INSERT INTO LKUP_content (contentKey,contentLabel,contentOrder,contentHTML) VALUES (127,'Week 32 3',0,'');
INSERT INTO LKUP_content (contentKey,contentLabel,contentOrder,contentHTML) VALUES (128,'Week 32 4',0,'');
INSERT INTO LKUP_content (contentKey,contentLabel,contentOrder,contentHTML) VALUES (129,'Week 33 1',0,'');
INSERT INTO LKUP_content (contentKey,contentLabel,contentOrder,contentHTML) VALUES (130,'Week 33 2',0,'');
INSERT INTO LKUP_content (contentKey,contentLabel,contentOrder,contentHTML) VALUES (131,'Week 33 3',0,'');
INSERT INTO LKUP_content (contentKey,contentLabel,contentOrder,contentHTML) VALUES (132,'Week 33 4',0,'');
INSERT INTO LKUP_content (contentKey,contentLabel,contentOrder,contentHTML) VALUES (133,'Week 34 1',0,'');
INSERT INTO LKUP_content (contentKey,contentLabel,contentOrder,contentHTML) VALUES (134,'Week 34 2',0,'');
INSERT INTO LKUP_content (contentKey,contentLabel,contentOrder,contentHTML) VALUES (135,'Week 34 3',0,'');
INSERT INTO LKUP_content (contentKey,contentLabel,contentOrder,contentHTML) VALUES (136,'Week 34 4',0,'');
INSERT INTO LKUP_content (contentKey,contentLabel,contentOrder,contentHTML) VALUES (137,'Week 35 1',0,'');
INSERT INTO LKUP_content (contentKey,contentLabel,contentOrder,contentHTML) VALUES (138,'Week 35 2',0,'');
INSERT INTO LKUP_content (contentKey,contentLabel,contentOrder,contentHTML) VALUES (139,'Week 35 3',0,'');
INSERT INTO LKUP_content (contentKey,contentLabel,contentOrder,contentHTML) VALUES (140,'Week 35 4',0,'');
INSERT INTO LKUP_content (contentKey,contentLabel,contentOrder,contentHTML) VALUES (141,'Week 36 1',0,'');
INSERT INTO LKUP_content (contentKey,contentLabel,contentOrder,contentHTML) VALUES (142,'Week 36 2',0,'');
INSERT INTO LKUP_content (contentKey,contentLabel,contentOrder,contentHTML) VALUES (143,'Week 36 3',0,'');
INSERT INTO LKUP_content (contentKey,contentLabel,contentOrder,contentHTML) VALUES (144,'Week 36 4',0,'');
INSERT INTO LKUP_content (contentKey,contentLabel,contentOrder,contentHTML) VALUES (145,'Week 37 1',0,'');
INSERT INTO LKUP_content (contentKey,contentLabel,contentOrder,contentHTML) VALUES (146,'Week 37 2',0,'');
INSERT INTO LKUP_content (contentKey,contentLabel,contentOrder,contentHTML) VALUES (147,'Week 37 3',0,'');
INSERT INTO LKUP_content (contentKey,contentLabel,contentOrder,contentHTML) VALUES (148,'Week 37 4',0,'');
INSERT INTO LKUP_content (contentKey,contentLabel,contentOrder,contentHTML) VALUES (149,'Week 38 1',0,'');
INSERT INTO LKUP_content (contentKey,contentLabel,contentOrder,contentHTML) VALUES (150,'Week 38 2',0,'');
INSERT INTO LKUP_content (contentKey,contentLabel,contentOrder,contentHTML) VALUES (151,'Week 38 3',0,'');
INSERT INTO LKUP_content (contentKey,contentLabel,contentOrder,contentHTML) VALUES (152,'Week 38 4',0,'');
INSERT INTO LKUP_content (contentKey,contentLabel,contentOrder,contentHTML) VALUES (153,'Week 39 1',0,'');
INSERT INTO LKUP_content (contentKey,contentLabel,contentOrder,contentHTML) VALUES (154,'Week 39 2',0,'');
INSERT INTO LKUP_content (contentKey,contentLabel,contentOrder,contentHTML) VALUES (155,'Week 39 3',0,'');
INSERT INTO LKUP_content (contentKey,contentLabel,contentOrder,contentHTML) VALUES (156,'Week 39 4',0,'');
INSERT INTO LKUP_content (contentKey,contentLabel,contentOrder,contentHTML) VALUES (157,'Week 40 1',0,'');
INSERT INTO LKUP_content (contentKey,contentLabel,contentOrder,contentHTML) VALUES (158,'Week 40 2',0,'');
INSERT INTO LKUP_content (contentKey,contentLabel,contentOrder,contentHTML) VALUES (159,'Week 40 3',0,'');
INSERT INTO LKUP_content (contentKey,contentLabel,contentOrder,contentHTML) VALUES (160,'Week 40 4',0,'');
INSERT INTO LKUP_content (contentKey,contentLabel,contentOrder,contentHTML) VALUES (161,'Week 41 1',0,'');
INSERT INTO LKUP_content (contentKey,contentLabel,contentOrder,contentHTML) VALUES (162,'Week 41 2',0,'');
INSERT INTO LKUP_content (contentKey,contentLabel,contentOrder,contentHTML) VALUES (163,'Week 41 3',0,'');
INSERT INTO LKUP_content (contentKey,contentLabel,contentOrder,contentHTML) VALUES (164,'Week 41 4',0,'');
INSERT INTO LKUP_content (contentKey,contentLabel,contentOrder,contentHTML) VALUES (165,'Week 42 1',0,'');
INSERT INTO LKUP_content (contentKey,contentLabel,contentOrder,contentHTML) VALUES (166,'Week 42 2',0,'');
INSERT INTO LKUP_content (contentKey,contentLabel,contentOrder,contentHTML) VALUES (167,'Week 42 3',0,'');
INSERT INTO LKUP_content (contentKey,contentLabel,contentOrder,contentHTML) VALUES (168,'Week 42 4',0,'');
INSERT INTO LKUP_content (contentKey,contentLabel,contentOrder,contentHTML) VALUES (169,'Week 43 1',0,'');
INSERT INTO LKUP_content (contentKey,contentLabel,contentOrder,contentHTML) VALUES (170,'Week 43 2',0,'');
INSERT INTO LKUP_content (contentKey,contentLabel,contentOrder,contentHTML) VALUES (171,'Week 43 3',0,'');
INSERT INTO LKUP_content (contentKey,contentLabel,contentOrder,contentHTML) VALUES (172,'Week 43 4',0,'');
INSERT INTO LKUP_content (contentKey,contentLabel,contentOrder,contentHTML) VALUES (173,'Week 44 1',0,'');
INSERT INTO LKUP_content (contentKey,contentLabel,contentOrder,contentHTML) VALUES (174,'Week 44 2',0,'');
INSERT INTO LKUP_content (contentKey,contentLabel,contentOrder,contentHTML) VALUES (175,'Week 44 3',0,'');
INSERT INTO LKUP_content (contentKey,contentLabel,contentOrder,contentHTML) VALUES (176,'Week 44 4',0,'');
INSERT INTO LKUP_content (contentKey,contentLabel,contentOrder,contentHTML) VALUES (177,'Week 45 1',0,'');
INSERT INTO LKUP_content (contentKey,contentLabel,contentOrder,contentHTML) VALUES (178,'Week 45 2',0,'');
INSERT INTO LKUP_content (contentKey,contentLabel,contentOrder,contentHTML) VALUES (179,'Week 45 3',0,'');
INSERT INTO LKUP_content (contentKey,contentLabel,contentOrder,contentHTML) VALUES (180,'Week 45 4',0,'');
INSERT INTO LKUP_content (contentKey,contentLabel,contentOrder,contentHTML) VALUES (181,'Week 46 1',0,'');
INSERT INTO LKUP_content (contentKey,contentLabel,contentOrder,contentHTML) VALUES (182,'Week 46 2',0,'');
INSERT INTO LKUP_content (contentKey,contentLabel,contentOrder,contentHTML) VALUES (183,'Week 46 3',0,'');
INSERT INTO LKUP_content (contentKey,contentLabel,contentOrder,contentHTML) VALUES (184,'Week 46 4',0,'');
INSERT INTO LKUP_content (contentKey,contentLabel,contentOrder,contentHTML) VALUES (185,'Week 47 1',0,'');
INSERT INTO LKUP_content (contentKey,contentLabel,contentOrder,contentHTML) VALUES (186,'Week 47 2',0,'');
INSERT INTO LKUP_content (contentKey,contentLabel,contentOrder,contentHTML) VALUES (187,'Week 47 3',0,'');
INSERT INTO LKUP_content (contentKey,contentLabel,contentOrder,contentHTML) VALUES (188,'Week 47 4',0,'');
INSERT INTO LKUP_content (contentKey,contentLabel,contentOrder,contentHTML) VALUES (189,'Week 48 1',0,'');
INSERT INTO LKUP_content (contentKey,contentLabel,contentOrder,contentHTML) VALUES (190,'Week 48 2',0,'');
INSERT INTO LKUP_content (contentKey,contentLabel,contentOrder,contentHTML) VALUES (191,'Week 48 3',0,'');
INSERT INTO LKUP_content (contentKey,contentLabel,contentOrder,contentHTML) VALUES (192,'Week 48 4',0,'');
INSERT INTO LKUP_content (contentKey,contentLabel,contentOrder,contentHTML) VALUES (193,'Week 49 1',0,'');
INSERT INTO LKUP_content (contentKey,contentLabel,contentOrder,contentHTML) VALUES (194,'Week 49 2',0,'');
INSERT INTO LKUP_content (contentKey,contentLabel,contentOrder,contentHTML) VALUES (195,'Week 49 3',0,'');
INSERT INTO LKUP_content (contentKey,contentLabel,contentOrder,contentHTML) VALUES (196,'Week 49 4',0,'');

INSERT INTO FACT_ccm (ccmKey,ccmLabel,level0,level1,level2,content,ccmOrder,deleteFlag,addedBy,createdDate,updatedDate) VALUES (1,'',1,1,1,1,1,0,'admin','2014-6-3',null);
INSERT INTO FACT_ccm (ccmKey,ccmLabel,level0,level1,level2,content,ccmOrder,deleteFlag,addedBy,createdDate,updatedDate) VALUES (2,'',1,1,2,2,1,0,'admin','2014-6-3',null);
INSERT INTO FACT_ccm (ccmKey,ccmLabel,level0,level1,level2,content,ccmOrder,deleteFlag,addedBy,createdDate,updatedDate) VALUES (3,'',1,1,3,3,1,0,'admin','2014-6-3',null);
INSERT INTO FACT_ccm (ccmKey,ccmLabel,level0,level1,level2,content,ccmOrder,deleteFlag,addedBy,createdDate,updatedDate) VALUES (4,'',1,1,4,4,1,0,'admin','2014-6-3',null);
INSERT INTO FACT_ccm (ccmKey,ccmLabel,level0,level1,level2,content,ccmOrder,deleteFlag,addedBy,createdDate,updatedDate) VALUES (5,'',1,2,1,5,2,0,'admin','2014-6-3',null);
INSERT INTO FACT_ccm (ccmKey,ccmLabel,level0,level1,level2,content,ccmOrder,deleteFlag,addedBy,createdDate,updatedDate) VALUES (6,'',1,2,2,6,2,0,'admin','2014-6-3',null);
INSERT INTO FACT_ccm (ccmKey,ccmLabel,level0,level1,level2,content,ccmOrder,deleteFlag,addedBy,createdDate,updatedDate) VALUES (7,'',1,2,3,7,2,0,'admin','2014-6-3',null);
INSERT INTO FACT_ccm (ccmKey,ccmLabel,level0,level1,level2,content,ccmOrder,deleteFlag,addedBy,createdDate,updatedDate) VALUES (8,'',1,2,4,8,2,0,'admin','2014-6-3',null);
INSERT INTO FACT_ccm (ccmKey,ccmLabel,level0,level1,level2,content,ccmOrder,deleteFlag,addedBy,createdDate,updatedDate) VALUES (9,'',1,3,1,9,3,0,'admin','2014-6-3',null);
INSERT INTO FACT_ccm (ccmKey,ccmLabel,level0,level1,level2,content,ccmOrder,deleteFlag,addedBy,createdDate,updatedDate) VALUES (10,'',1,3,2,10,3,0,'admin','2014-6-3',null);
INSERT INTO FACT_ccm (ccmKey,ccmLabel,level0,level1,level2,content,ccmOrder,deleteFlag,addedBy,createdDate,updatedDate) VALUES (11,'',1,3,3,11,3,0,'admin','2014-6-3',null);
INSERT INTO FACT_ccm (ccmKey,ccmLabel,level0,level1,level2,content,ccmOrder,deleteFlag,addedBy,createdDate,updatedDate) VALUES (12,'',1,3,4,12,3,0,'admin','2014-6-3',null);
INSERT INTO FACT_ccm (ccmKey,ccmLabel,level0,level1,level2,content,ccmOrder,deleteFlag,addedBy,createdDate,updatedDate) VALUES (13,'',1,4,1,13,4,0,'admin','2014-6-3',null);
INSERT INTO FACT_ccm (ccmKey,ccmLabel,level0,level1,level2,content,ccmOrder,deleteFlag,addedBy,createdDate,updatedDate) VALUES (14,'',1,4,2,14,4,0,'admin','2014-6-3',null);
INSERT INTO FACT_ccm (ccmKey,ccmLabel,level0,level1,level2,content,ccmOrder,deleteFlag,addedBy,createdDate,updatedDate) VALUES (15,'',1,4,3,15,4,0,'admin','2014-6-3',null);
INSERT INTO FACT_ccm (ccmKey,ccmLabel,level0,level1,level2,content,ccmOrder,deleteFlag,addedBy,createdDate,updatedDate) VALUES (16,'',1,4,4,16,4,0,'admin','2014-6-3',null);
INSERT INTO FACT_ccm (ccmKey,ccmLabel,level0,level1,level2,content,ccmOrder,deleteFlag,addedBy,createdDate,updatedDate) VALUES (17,'',1,5,1,17,5,0,'admin','2014-6-3',null);
INSERT INTO FACT_ccm (ccmKey,ccmLabel,level0,level1,level2,content,ccmOrder,deleteFlag,addedBy,createdDate,updatedDate) VALUES (18,'',1,5,2,18,5,0,'admin','2014-6-3',null);
INSERT INTO FACT_ccm (ccmKey,ccmLabel,level0,level1,level2,content,ccmOrder,deleteFlag,addedBy,createdDate,updatedDate) VALUES (19,'',1,5,3,19,5,0,'admin','2014-6-3',null);
INSERT INTO FACT_ccm (ccmKey,ccmLabel,level0,level1,level2,content,ccmOrder,deleteFlag,addedBy,createdDate,updatedDate) VALUES (20,'',1,5,4,20,5,0,'admin','2014-6-3',null);
INSERT INTO FACT_ccm (ccmKey,ccmLabel,level0,level1,level2,content,ccmOrder,deleteFlag,addedBy,createdDate,updatedDate) VALUES (21,'',1,6,1,21,6,0,'admin','2014-6-3',null);
INSERT INTO FACT_ccm (ccmKey,ccmLabel,level0,level1,level2,content,ccmOrder,deleteFlag,addedBy,createdDate,updatedDate) VALUES (22,'',1,6,2,22,6,0,'admin','2014-6-3',null);
INSERT INTO FACT_ccm (ccmKey,ccmLabel,level0,level1,level2,content,ccmOrder,deleteFlag,addedBy,createdDate,updatedDate) VALUES (23,'',1,6,3,23,6,0,'admin','2014-6-3',null);
INSERT INTO FACT_ccm (ccmKey,ccmLabel,level0,level1,level2,content,ccmOrder,deleteFlag,addedBy,createdDate,updatedDate) VALUES (24,'',1,6,4,24,6,0,'admin','2014-6-3',null);
INSERT INTO FACT_ccm (ccmKey,ccmLabel,level0,level1,level2,content,ccmOrder,deleteFlag,addedBy,createdDate,updatedDate) VALUES (25,'',1,7,1,25,7,0,'admin','2014-6-3',null);
INSERT INTO FACT_ccm (ccmKey,ccmLabel,level0,level1,level2,content,ccmOrder,deleteFlag,addedBy,createdDate,updatedDate) VALUES (26,'',1,7,2,26,7,0,'admin','2014-6-3',null);
INSERT INTO FACT_ccm (ccmKey,ccmLabel,level0,level1,level2,content,ccmOrder,deleteFlag,addedBy,createdDate,updatedDate) VALUES (27,'',1,7,3,27,7,0,'admin','2014-6-3',null);
INSERT INTO FACT_ccm (ccmKey,ccmLabel,level0,level1,level2,content,ccmOrder,deleteFlag,addedBy,createdDate,updatedDate) VALUES (28,'',1,7,4,28,7,0,'admin','2014-6-3',null);
INSERT INTO FACT_ccm (ccmKey,ccmLabel,level0,level1,level2,content,ccmOrder,deleteFlag,addedBy,createdDate,updatedDate) VALUES (29,'',1,8,1,29,8,0,'admin','2014-6-3',null);
INSERT INTO FACT_ccm (ccmKey,ccmLabel,level0,level1,level2,content,ccmOrder,deleteFlag,addedBy,createdDate,updatedDate) VALUES (30,'',1,8,2,30,8,0,'admin','2014-6-3',null);
INSERT INTO FACT_ccm (ccmKey,ccmLabel,level0,level1,level2,content,ccmOrder,deleteFlag,addedBy,createdDate,updatedDate) VALUES (31,'',1,8,3,31,8,0,'admin','2014-6-3',null);
INSERT INTO FACT_ccm (ccmKey,ccmLabel,level0,level1,level2,content,ccmOrder,deleteFlag,addedBy,createdDate,updatedDate) VALUES (32,'',1,8,4,32,8,0,'admin','2014-6-3',null);
INSERT INTO FACT_ccm (ccmKey,ccmLabel,level0,level1,level2,content,ccmOrder,deleteFlag,addedBy,createdDate,updatedDate) VALUES (33,'',1,9,1,33,9,0,'admin','2014-6-3',null);
INSERT INTO FACT_ccm (ccmKey,ccmLabel,level0,level1,level2,content,ccmOrder,deleteFlag,addedBy,createdDate,updatedDate) VALUES (34,'',1,9,2,34,9,0,'admin','2014-6-3',null);
INSERT INTO FACT_ccm (ccmKey,ccmLabel,level0,level1,level2,content,ccmOrder,deleteFlag,addedBy,createdDate,updatedDate) VALUES (35,'',1,9,3,35,9,0,'admin','2014-6-3',null);
INSERT INTO FACT_ccm (ccmKey,ccmLabel,level0,level1,level2,content,ccmOrder,deleteFlag,addedBy,createdDate,updatedDate) VALUES (36,'',1,9,4,36,9,0,'admin','2014-6-3',null);
INSERT INTO FACT_ccm (ccmKey,ccmLabel,level0,level1,level2,content,ccmOrder,deleteFlag,addedBy,createdDate,updatedDate) VALUES (37,'',1,10,1,37,10,0,'admin','2014-6-3',null);
INSERT INTO FACT_ccm (ccmKey,ccmLabel,level0,level1,level2,content,ccmOrder,deleteFlag,addedBy,createdDate,updatedDate) VALUES (38,'',1,10,2,38,10,0,'admin','2014-6-3',null);
INSERT INTO FACT_ccm (ccmKey,ccmLabel,level0,level1,level2,content,ccmOrder,deleteFlag,addedBy,createdDate,updatedDate) VALUES (39,'',1,10,3,39,10,0,'admin','2014-6-3',null);
INSERT INTO FACT_ccm (ccmKey,ccmLabel,level0,level1,level2,content,ccmOrder,deleteFlag,addedBy,createdDate,updatedDate) VALUES (40,'',1,10,4,40,10,0,'admin','2014-6-3',null);
INSERT INTO FACT_ccm (ccmKey,ccmLabel,level0,level1,level2,content,ccmOrder,deleteFlag,addedBy,createdDate,updatedDate) VALUES (41,'',1,11,1,41,11,0,'admin','2014-6-3',null);
INSERT INTO FACT_ccm (ccmKey,ccmLabel,level0,level1,level2,content,ccmOrder,deleteFlag,addedBy,createdDate,updatedDate) VALUES (42,'',1,11,2,42,11,0,'admin','2014-6-3',null);
INSERT INTO FACT_ccm (ccmKey,ccmLabel,level0,level1,level2,content,ccmOrder,deleteFlag,addedBy,createdDate,updatedDate) VALUES (43,'',1,11,3,43,11,0,'admin','2014-6-3',null);
INSERT INTO FACT_ccm (ccmKey,ccmLabel,level0,level1,level2,content,ccmOrder,deleteFlag,addedBy,createdDate,updatedDate) VALUES (44,'',1,11,4,44,11,0,'admin','2014-6-3',null);
INSERT INTO FACT_ccm (ccmKey,ccmLabel,level0,level1,level2,content,ccmOrder,deleteFlag,addedBy,createdDate,updatedDate) VALUES (45,'',1,12,1,45,12,0,'admin','2014-6-3',null);
INSERT INTO FACT_ccm (ccmKey,ccmLabel,level0,level1,level2,content,ccmOrder,deleteFlag,addedBy,createdDate,updatedDate) VALUES (46,'',1,12,2,46,12,0,'admin','2014-6-3',null);
INSERT INTO FACT_ccm (ccmKey,ccmLabel,level0,level1,level2,content,ccmOrder,deleteFlag,addedBy,createdDate,updatedDate) VALUES (47,'',1,12,3,47,12,0,'admin','2014-6-3',null);
INSERT INTO FACT_ccm (ccmKey,ccmLabel,level0,level1,level2,content,ccmOrder,deleteFlag,addedBy,createdDate,updatedDate) VALUES (48,'',1,12,4,48,12,0,'admin','2014-6-3',null);
INSERT INTO FACT_ccm (ccmKey,ccmLabel,level0,level1,level2,content,ccmOrder,deleteFlag,addedBy,createdDate,updatedDate) VALUES (49,'',1,13,1,49,13,0,'admin','2014-6-3',null);
INSERT INTO FACT_ccm (ccmKey,ccmLabel,level0,level1,level2,content,ccmOrder,deleteFlag,addedBy,createdDate,updatedDate) VALUES (50,'',1,13,2,50,13,0,'admin','2014-6-3',null);
INSERT INTO FACT_ccm (ccmKey,ccmLabel,level0,level1,level2,content,ccmOrder,deleteFlag,addedBy,createdDate,updatedDate) VALUES (51,'',1,13,3,51,13,0,'admin','2014-6-3',null);
INSERT INTO FACT_ccm (ccmKey,ccmLabel,level0,level1,level2,content,ccmOrder,deleteFlag,addedBy,createdDate,updatedDate) VALUES (52,'',1,13,4,52,13,0,'admin','2014-6-3',null);
INSERT INTO FACT_ccm (ccmKey,ccmLabel,level0,level1,level2,content,ccmOrder,deleteFlag,addedBy,createdDate,updatedDate) VALUES (53,'',2,14,1,53,14,0,'admin','2014-6-3',null);
INSERT INTO FACT_ccm (ccmKey,ccmLabel,level0,level1,level2,content,ccmOrder,deleteFlag,addedBy,createdDate,updatedDate) VALUES (54,'',2,14,2,54,14,0,'admin','2014-6-3',null);
INSERT INTO FACT_ccm (ccmKey,ccmLabel,level0,level1,level2,content,ccmOrder,deleteFlag,addedBy,createdDate,updatedDate) VALUES (55,'',2,14,3,55,14,0,'admin','2014-6-3',null);
INSERT INTO FACT_ccm (ccmKey,ccmLabel,level0,level1,level2,content,ccmOrder,deleteFlag,addedBy,createdDate,updatedDate) VALUES (56,'',2,14,4,56,14,0,'admin','2014-6-3',null);
INSERT INTO FACT_ccm (ccmKey,ccmLabel,level0,level1,level2,content,ccmOrder,deleteFlag,addedBy,createdDate,updatedDate) VALUES (57,'',2,15,1,57,15,0,'admin','2014-6-3',null);
INSERT INTO FACT_ccm (ccmKey,ccmLabel,level0,level1,level2,content,ccmOrder,deleteFlag,addedBy,createdDate,updatedDate) VALUES (58,'',2,15,2,58,15,0,'admin','2014-6-3',null);
INSERT INTO FACT_ccm (ccmKey,ccmLabel,level0,level1,level2,content,ccmOrder,deleteFlag,addedBy,createdDate,updatedDate) VALUES (59,'',2,15,3,59,15,0,'admin','2014-6-3',null);
INSERT INTO FACT_ccm (ccmKey,ccmLabel,level0,level1,level2,content,ccmOrder,deleteFlag,addedBy,createdDate,updatedDate) VALUES (60,'',2,15,4,60,15,0,'admin','2014-6-3',null);
INSERT INTO FACT_ccm (ccmKey,ccmLabel,level0,level1,level2,content,ccmOrder,deleteFlag,addedBy,createdDate,updatedDate) VALUES (61,'',2,16,1,61,16,0,'admin','2014-6-3',null);
INSERT INTO FACT_ccm (ccmKey,ccmLabel,level0,level1,level2,content,ccmOrder,deleteFlag,addedBy,createdDate,updatedDate) VALUES (62,'',2,16,2,62,16,0,'admin','2014-6-3',null);
INSERT INTO FACT_ccm (ccmKey,ccmLabel,level0,level1,level2,content,ccmOrder,deleteFlag,addedBy,createdDate,updatedDate) VALUES (63,'',2,16,3,63,16,0,'admin','2014-6-3',null);
INSERT INTO FACT_ccm (ccmKey,ccmLabel,level0,level1,level2,content,ccmOrder,deleteFlag,addedBy,createdDate,updatedDate) VALUES (64,'',2,16,4,64,16,0,'admin','2014-6-3',null);
INSERT INTO FACT_ccm (ccmKey,ccmLabel,level0,level1,level2,content,ccmOrder,deleteFlag,addedBy,createdDate,updatedDate) VALUES (65,'',2,17,1,65,17,0,'admin','2014-6-3',null);
INSERT INTO FACT_ccm (ccmKey,ccmLabel,level0,level1,level2,content,ccmOrder,deleteFlag,addedBy,createdDate,updatedDate) VALUES (66,'',2,17,2,66,17,0,'admin','2014-6-3',null);
INSERT INTO FACT_ccm (ccmKey,ccmLabel,level0,level1,level2,content,ccmOrder,deleteFlag,addedBy,createdDate,updatedDate) VALUES (67,'',2,17,3,67,17,0,'admin','2014-6-3',null);
INSERT INTO FACT_ccm (ccmKey,ccmLabel,level0,level1,level2,content,ccmOrder,deleteFlag,addedBy,createdDate,updatedDate) VALUES (68,'',2,17,4,68,17,0,'admin','2014-6-3',null);
INSERT INTO FACT_ccm (ccmKey,ccmLabel,level0,level1,level2,content,ccmOrder,deleteFlag,addedBy,createdDate,updatedDate) VALUES (69,'',2,18,1,69,18,0,'admin','2014-6-3',null);
INSERT INTO FACT_ccm (ccmKey,ccmLabel,level0,level1,level2,content,ccmOrder,deleteFlag,addedBy,createdDate,updatedDate) VALUES (70,'',2,18,2,70,18,0,'admin','2014-6-3',null);
INSERT INTO FACT_ccm (ccmKey,ccmLabel,level0,level1,level2,content,ccmOrder,deleteFlag,addedBy,createdDate,updatedDate) VALUES (71,'',2,18,3,71,18,0,'admin','2014-6-3',null);
INSERT INTO FACT_ccm (ccmKey,ccmLabel,level0,level1,level2,content,ccmOrder,deleteFlag,addedBy,createdDate,updatedDate) VALUES (72,'',2,18,4,72,18,0,'admin','2014-6-3',null);
INSERT INTO FACT_ccm (ccmKey,ccmLabel,level0,level1,level2,content,ccmOrder,deleteFlag,addedBy,createdDate,updatedDate) VALUES (73,'',2,19,1,73,19,0,'admin','2014-6-3',null);
INSERT INTO FACT_ccm (ccmKey,ccmLabel,level0,level1,level2,content,ccmOrder,deleteFlag,addedBy,createdDate,updatedDate) VALUES (74,'',2,19,2,74,19,0,'admin','2014-6-3',null);
INSERT INTO FACT_ccm (ccmKey,ccmLabel,level0,level1,level2,content,ccmOrder,deleteFlag,addedBy,createdDate,updatedDate) VALUES (75,'',2,19,3,75,19,0,'admin','2014-6-3',null);
INSERT INTO FACT_ccm (ccmKey,ccmLabel,level0,level1,level2,content,ccmOrder,deleteFlag,addedBy,createdDate,updatedDate) VALUES (76,'',2,19,4,76,19,0,'admin','2014-6-3',null);
INSERT INTO FACT_ccm (ccmKey,ccmLabel,level0,level1,level2,content,ccmOrder,deleteFlag,addedBy,createdDate,updatedDate) VALUES (77,'',2,20,1,77,20,0,'admin','2014-6-3',null);
INSERT INTO FACT_ccm (ccmKey,ccmLabel,level0,level1,level2,content,ccmOrder,deleteFlag,addedBy,createdDate,updatedDate) VALUES (78,'',2,20,2,78,20,0,'admin','2014-6-3',null);
INSERT INTO FACT_ccm (ccmKey,ccmLabel,level0,level1,level2,content,ccmOrder,deleteFlag,addedBy,createdDate,updatedDate) VALUES (79,'',2,20,3,79,20,0,'admin','2014-6-3',null);
INSERT INTO FACT_ccm (ccmKey,ccmLabel,level0,level1,level2,content,ccmOrder,deleteFlag,addedBy,createdDate,updatedDate) VALUES (80,'',2,20,4,80,20,0,'admin','2014-6-3',null);
INSERT INTO FACT_ccm (ccmKey,ccmLabel,level0,level1,level2,content,ccmOrder,deleteFlag,addedBy,createdDate,updatedDate) VALUES (81,'',2,21,1,81,21,0,'admin','2014-6-3',null);
INSERT INTO FACT_ccm (ccmKey,ccmLabel,level0,level1,level2,content,ccmOrder,deleteFlag,addedBy,createdDate,updatedDate) VALUES (82,'',2,21,2,82,21,0,'admin','2014-6-3',null);
INSERT INTO FACT_ccm (ccmKey,ccmLabel,level0,level1,level2,content,ccmOrder,deleteFlag,addedBy,createdDate,updatedDate) VALUES (83,'',2,21,3,83,21,0,'admin','2014-6-3',null);
INSERT INTO FACT_ccm (ccmKey,ccmLabel,level0,level1,level2,content,ccmOrder,deleteFlag,addedBy,createdDate,updatedDate) VALUES (84,'',2,21,4,84,21,0,'admin','2014-6-3',null);
INSERT INTO FACT_ccm (ccmKey,ccmLabel,level0,level1,level2,content,ccmOrder,deleteFlag,addedBy,createdDate,updatedDate) VALUES (85,'',2,22,1,85,22,0,'admin','2014-6-3',null);
INSERT INTO FACT_ccm (ccmKey,ccmLabel,level0,level1,level2,content,ccmOrder,deleteFlag,addedBy,createdDate,updatedDate) VALUES (86,'',2,22,2,86,22,0,'admin','2014-6-3',null);
INSERT INTO FACT_ccm (ccmKey,ccmLabel,level0,level1,level2,content,ccmOrder,deleteFlag,addedBy,createdDate,updatedDate) VALUES (87,'',2,22,3,87,22,0,'admin','2014-6-3',null);
INSERT INTO FACT_ccm (ccmKey,ccmLabel,level0,level1,level2,content,ccmOrder,deleteFlag,addedBy,createdDate,updatedDate) VALUES (88,'',2,22,4,88,22,0,'admin','2014-6-3',null);
INSERT INTO FACT_ccm (ccmKey,ccmLabel,level0,level1,level2,content,ccmOrder,deleteFlag,addedBy,createdDate,updatedDate) VALUES (89,'',2,23,1,89,23,0,'admin','2014-6-3',null);
INSERT INTO FACT_ccm (ccmKey,ccmLabel,level0,level1,level2,content,ccmOrder,deleteFlag,addedBy,createdDate,updatedDate) VALUES (90,'',2,23,2,90,23,0,'admin','2014-6-3',null);
INSERT INTO FACT_ccm (ccmKey,ccmLabel,level0,level1,level2,content,ccmOrder,deleteFlag,addedBy,createdDate,updatedDate) VALUES (91,'',2,23,3,91,23,0,'admin','2014-6-3',null);
INSERT INTO FACT_ccm (ccmKey,ccmLabel,level0,level1,level2,content,ccmOrder,deleteFlag,addedBy,createdDate,updatedDate) VALUES (92,'',2,23,4,92,23,0,'admin','2014-6-3',null);
INSERT INTO FACT_ccm (ccmKey,ccmLabel,level0,level1,level2,content,ccmOrder,deleteFlag,addedBy,createdDate,updatedDate) VALUES (93,'',2,24,1,93,24,0,'admin','2014-6-3',null);
INSERT INTO FACT_ccm (ccmKey,ccmLabel,level0,level1,level2,content,ccmOrder,deleteFlag,addedBy,createdDate,updatedDate) VALUES (94,'',2,24,2,94,24,0,'admin','2014-6-3',null);
INSERT INTO FACT_ccm (ccmKey,ccmLabel,level0,level1,level2,content,ccmOrder,deleteFlag,addedBy,createdDate,updatedDate) VALUES (95,'',2,24,3,95,24,0,'admin','2014-6-3',null);
INSERT INTO FACT_ccm (ccmKey,ccmLabel,level0,level1,level2,content,ccmOrder,deleteFlag,addedBy,createdDate,updatedDate) VALUES (96,'',2,24,4,96,24,0,'admin','2014-6-3',null);
INSERT INTO FACT_ccm (ccmKey,ccmLabel,level0,level1,level2,content,ccmOrder,deleteFlag,addedBy,createdDate,updatedDate) VALUES (97,'',2,25,1,97,25,0,'admin','2014-6-3',null);
INSERT INTO FACT_ccm (ccmKey,ccmLabel,level0,level1,level2,content,ccmOrder,deleteFlag,addedBy,createdDate,updatedDate) VALUES (98,'',2,25,2,98,25,0,'admin','2014-6-3',null);
INSERT INTO FACT_ccm (ccmKey,ccmLabel,level0,level1,level2,content,ccmOrder,deleteFlag,addedBy,createdDate,updatedDate) VALUES (99,'',2,25,3,99,25,0,'admin','2014-6-3',null);
INSERT INTO FACT_ccm (ccmKey,ccmLabel,level0,level1,level2,content,ccmOrder,deleteFlag,addedBy,createdDate,updatedDate) VALUES (100,'',2,25,4,100,25,0,'admin','2014-6-3',null);
INSERT INTO FACT_ccm (ccmKey,ccmLabel,level0,level1,level2,content,ccmOrder,deleteFlag,addedBy,createdDate,updatedDate) VALUES (101,'',2,26,1,101,26,0,'admin','2014-6-3',null);
INSERT INTO FACT_ccm (ccmKey,ccmLabel,level0,level1,level2,content,ccmOrder,deleteFlag,addedBy,createdDate,updatedDate) VALUES (102,'',2,26,2,102,26,0,'admin','2014-6-3',null);
INSERT INTO FACT_ccm (ccmKey,ccmLabel,level0,level1,level2,content,ccmOrder,deleteFlag,addedBy,createdDate,updatedDate) VALUES (103,'',2,26,3,103,26,0,'admin','2014-6-3',null);
INSERT INTO FACT_ccm (ccmKey,ccmLabel,level0,level1,level2,content,ccmOrder,deleteFlag,addedBy,createdDate,updatedDate) VALUES (104,'',2,26,4,104,26,0,'admin','2014-6-3',null);
INSERT INTO FACT_ccm (ccmKey,ccmLabel,level0,level1,level2,content,ccmOrder,deleteFlag,addedBy,createdDate,updatedDate) VALUES (105,'',2,27,1,105,27,0,'admin','2014-6-3',null);
INSERT INTO FACT_ccm (ccmKey,ccmLabel,level0,level1,level2,content,ccmOrder,deleteFlag,addedBy,createdDate,updatedDate) VALUES (106,'',2,27,2,106,27,0,'admin','2014-6-3',null);
INSERT INTO FACT_ccm (ccmKey,ccmLabel,level0,level1,level2,content,ccmOrder,deleteFlag,addedBy,createdDate,updatedDate) VALUES (107,'',2,27,3,107,27,0,'admin','2014-6-3',null);
INSERT INTO FACT_ccm (ccmKey,ccmLabel,level0,level1,level2,content,ccmOrder,deleteFlag,addedBy,createdDate,updatedDate) VALUES (108,'',2,27,4,108,27,0,'admin','2014-6-3',null);
INSERT INTO FACT_ccm (ccmKey,ccmLabel,level0,level1,level2,content,ccmOrder,deleteFlag,addedBy,createdDate,updatedDate) VALUES (109,'',2,28,1,109,28,0,'admin','2014-6-3',null);
INSERT INTO FACT_ccm (ccmKey,ccmLabel,level0,level1,level2,content,ccmOrder,deleteFlag,addedBy,createdDate,updatedDate) VALUES (110,'',2,28,2,110,28,0,'admin','2014-6-3',null);
INSERT INTO FACT_ccm (ccmKey,ccmLabel,level0,level1,level2,content,ccmOrder,deleteFlag,addedBy,createdDate,updatedDate) VALUES (111,'',2,28,3,111,28,0,'admin','2014-6-3',null);
INSERT INTO FACT_ccm (ccmKey,ccmLabel,level0,level1,level2,content,ccmOrder,deleteFlag,addedBy,createdDate,updatedDate) VALUES (112,'',2,28,4,112,28,0,'admin','2014-6-3',null);
INSERT INTO FACT_ccm (ccmKey,ccmLabel,level0,level1,level2,content,ccmOrder,deleteFlag,addedBy,createdDate,updatedDate) VALUES (113,'',3,29,1,113,29,0,'admin','2014-6-3',null);
INSERT INTO FACT_ccm (ccmKey,ccmLabel,level0,level1,level2,content,ccmOrder,deleteFlag,addedBy,createdDate,updatedDate) VALUES (114,'',3,29,2,114,29,0,'admin','2014-6-3',null);
INSERT INTO FACT_ccm (ccmKey,ccmLabel,level0,level1,level2,content,ccmOrder,deleteFlag,addedBy,createdDate,updatedDate) VALUES (115,'',3,29,3,115,29,0,'admin','2014-6-3',null);
INSERT INTO FACT_ccm (ccmKey,ccmLabel,level0,level1,level2,content,ccmOrder,deleteFlag,addedBy,createdDate,updatedDate) VALUES (116,'',3,29,4,116,29,0,'admin','2014-6-3',null);
INSERT INTO FACT_ccm (ccmKey,ccmLabel,level0,level1,level2,content,ccmOrder,deleteFlag,addedBy,createdDate,updatedDate) VALUES (117,'',3,30,1,117,30,0,'admin','2014-6-3',null);
INSERT INTO FACT_ccm (ccmKey,ccmLabel,level0,level1,level2,content,ccmOrder,deleteFlag,addedBy,createdDate,updatedDate) VALUES (118,'',3,30,2,118,30,0,'admin','2014-6-3',null);
INSERT INTO FACT_ccm (ccmKey,ccmLabel,level0,level1,level2,content,ccmOrder,deleteFlag,addedBy,createdDate,updatedDate) VALUES (119,'',3,30,3,119,30,0,'admin','2014-6-3',null);
INSERT INTO FACT_ccm (ccmKey,ccmLabel,level0,level1,level2,content,ccmOrder,deleteFlag,addedBy,createdDate,updatedDate) VALUES (120,'',3,30,4,120,30,0,'admin','2014-6-3',null);
INSERT INTO FACT_ccm (ccmKey,ccmLabel,level0,level1,level2,content,ccmOrder,deleteFlag,addedBy,createdDate,updatedDate) VALUES (121,'',3,31,1,121,31,0,'admin','2014-6-3',null);
INSERT INTO FACT_ccm (ccmKey,ccmLabel,level0,level1,level2,content,ccmOrder,deleteFlag,addedBy,createdDate,updatedDate) VALUES (122,'',3,31,2,122,31,0,'admin','2014-6-3',null);
INSERT INTO FACT_ccm (ccmKey,ccmLabel,level0,level1,level2,content,ccmOrder,deleteFlag,addedBy,createdDate,updatedDate) VALUES (123,'',3,31,3,123,31,0,'admin','2014-6-3',null);
INSERT INTO FACT_ccm (ccmKey,ccmLabel,level0,level1,level2,content,ccmOrder,deleteFlag,addedBy,createdDate,updatedDate) VALUES (124,'',3,31,4,124,31,0,'admin','2014-6-3',null);
INSERT INTO FACT_ccm (ccmKey,ccmLabel,level0,level1,level2,content,ccmOrder,deleteFlag,addedBy,createdDate,updatedDate) VALUES (125,'',3,32,1,125,32,0,'admin','2014-6-3',null);
INSERT INTO FACT_ccm (ccmKey,ccmLabel,level0,level1,level2,content,ccmOrder,deleteFlag,addedBy,createdDate,updatedDate) VALUES (126,'',3,32,2,126,32,0,'admin','2014-6-3',null);
INSERT INTO FACT_ccm (ccmKey,ccmLabel,level0,level1,level2,content,ccmOrder,deleteFlag,addedBy,createdDate,updatedDate) VALUES (127,'',3,32,3,127,32,0,'admin','2014-6-3',null);
INSERT INTO FACT_ccm (ccmKey,ccmLabel,level0,level1,level2,content,ccmOrder,deleteFlag,addedBy,createdDate,updatedDate) VALUES (128,'',3,32,4,128,32,0,'admin','2014-6-3',null);
INSERT INTO FACT_ccm (ccmKey,ccmLabel,level0,level1,level2,content,ccmOrder,deleteFlag,addedBy,createdDate,updatedDate) VALUES (129,'',3,33,1,129,33,0,'admin','2014-6-3',null);
INSERT INTO FACT_ccm (ccmKey,ccmLabel,level0,level1,level2,content,ccmOrder,deleteFlag,addedBy,createdDate,updatedDate) VALUES (130,'',3,33,2,130,33,0,'admin','2014-6-3',null);
INSERT INTO FACT_ccm (ccmKey,ccmLabel,level0,level1,level2,content,ccmOrder,deleteFlag,addedBy,createdDate,updatedDate) VALUES (131,'',3,33,3,131,33,0,'admin','2014-6-3',null);
INSERT INTO FACT_ccm (ccmKey,ccmLabel,level0,level1,level2,content,ccmOrder,deleteFlag,addedBy,createdDate,updatedDate) VALUES (132,'',3,33,4,132,33,0,'admin','2014-6-3',null);
INSERT INTO FACT_ccm (ccmKey,ccmLabel,level0,level1,level2,content,ccmOrder,deleteFlag,addedBy,createdDate,updatedDate) VALUES (133,'',3,34,1,133,34,0,'admin','2014-6-3',null);
INSERT INTO FACT_ccm (ccmKey,ccmLabel,level0,level1,level2,content,ccmOrder,deleteFlag,addedBy,createdDate,updatedDate) VALUES (134,'',3,34,2,134,34,0,'admin','2014-6-3',null);
INSERT INTO FACT_ccm (ccmKey,ccmLabel,level0,level1,level2,content,ccmOrder,deleteFlag,addedBy,createdDate,updatedDate) VALUES (135,'',3,34,3,135,34,0,'admin','2014-6-3',null);
INSERT INTO FACT_ccm (ccmKey,ccmLabel,level0,level1,level2,content,ccmOrder,deleteFlag,addedBy,createdDate,updatedDate) VALUES (136,'',3,34,4,136,34,0,'admin','2014-6-3',null);
INSERT INTO FACT_ccm (ccmKey,ccmLabel,level0,level1,level2,content,ccmOrder,deleteFlag,addedBy,createdDate,updatedDate) VALUES (137,'',3,35,1,137,35,0,'admin','2014-6-3',null);
INSERT INTO FACT_ccm (ccmKey,ccmLabel,level0,level1,level2,content,ccmOrder,deleteFlag,addedBy,createdDate,updatedDate) VALUES (138,'',3,35,2,138,35,0,'admin','2014-6-3',null);
INSERT INTO FACT_ccm (ccmKey,ccmLabel,level0,level1,level2,content,ccmOrder,deleteFlag,addedBy,createdDate,updatedDate) VALUES (139,'',3,35,3,139,35,0,'admin','2014-6-3',null);
INSERT INTO FACT_ccm (ccmKey,ccmLabel,level0,level1,level2,content,ccmOrder,deleteFlag,addedBy,createdDate,updatedDate) VALUES (140,'',3,35,4,140,35,0,'admin','2014-6-3',null);
INSERT INTO FACT_ccm (ccmKey,ccmLabel,level0,level1,level2,content,ccmOrder,deleteFlag,addedBy,createdDate,updatedDate) VALUES (141,'',3,36,1,141,36,0,'admin','2014-6-3',null);
INSERT INTO FACT_ccm (ccmKey,ccmLabel,level0,level1,level2,content,ccmOrder,deleteFlag,addedBy,createdDate,updatedDate) VALUES (142,'',3,36,2,142,36,0,'admin','2014-6-3',null);
INSERT INTO FACT_ccm (ccmKey,ccmLabel,level0,level1,level2,content,ccmOrder,deleteFlag,addedBy,createdDate,updatedDate) VALUES (143,'',3,36,3,143,36,0,'admin','2014-6-3',null);
INSERT INTO FACT_ccm (ccmKey,ccmLabel,level0,level1,level2,content,ccmOrder,deleteFlag,addedBy,createdDate,updatedDate) VALUES (144,'',3,36,4,144,36,0,'admin','2014-6-3',null);
INSERT INTO FACT_ccm (ccmKey,ccmLabel,level0,level1,level2,content,ccmOrder,deleteFlag,addedBy,createdDate,updatedDate) VALUES (145,'',3,37,1,145,37,0,'admin','2014-6-3',null);
INSERT INTO FACT_ccm (ccmKey,ccmLabel,level0,level1,level2,content,ccmOrder,deleteFlag,addedBy,createdDate,updatedDate) VALUES (146,'',3,37,2,146,37,0,'admin','2014-6-3',null);
INSERT INTO FACT_ccm (ccmKey,ccmLabel,level0,level1,level2,content,ccmOrder,deleteFlag,addedBy,createdDate,updatedDate) VALUES (147,'',3,37,3,147,37,0,'admin','2014-6-3',null);
INSERT INTO FACT_ccm (ccmKey,ccmLabel,level0,level1,level2,content,ccmOrder,deleteFlag,addedBy,createdDate,updatedDate) VALUES (148,'',3,37,4,148,37,0,'admin','2014-6-3',null);
INSERT INTO FACT_ccm (ccmKey,ccmLabel,level0,level1,level2,content,ccmOrder,deleteFlag,addedBy,createdDate,updatedDate) VALUES (149,'',3,38,1,149,38,0,'admin','2014-6-3',null);
INSERT INTO FACT_ccm (ccmKey,ccmLabel,level0,level1,level2,content,ccmOrder,deleteFlag,addedBy,createdDate,updatedDate) VALUES (150,'',3,38,2,150,38,0,'admin','2014-6-3',null);
INSERT INTO FACT_ccm (ccmKey,ccmLabel,level0,level1,level2,content,ccmOrder,deleteFlag,addedBy,createdDate,updatedDate) VALUES (151,'',3,38,3,151,38,0,'admin','2014-6-3',null);
INSERT INTO FACT_ccm (ccmKey,ccmLabel,level0,level1,level2,content,ccmOrder,deleteFlag,addedBy,createdDate,updatedDate) VALUES (152,'',3,38,4,152,38,0,'admin','2014-6-3',null);
INSERT INTO FACT_ccm (ccmKey,ccmLabel,level0,level1,level2,content,ccmOrder,deleteFlag,addedBy,createdDate,updatedDate) VALUES (153,'',3,39,1,153,39,0,'admin','2014-6-3',null);
INSERT INTO FACT_ccm (ccmKey,ccmLabel,level0,level1,level2,content,ccmOrder,deleteFlag,addedBy,createdDate,updatedDate) VALUES (154,'',3,39,2,154,39,0,'admin','2014-6-3',null);
INSERT INTO FACT_ccm (ccmKey,ccmLabel,level0,level1,level2,content,ccmOrder,deleteFlag,addedBy,createdDate,updatedDate) VALUES (155,'',3,39,3,155,39,0,'admin','2014-6-3',null);
INSERT INTO FACT_ccm (ccmKey,ccmLabel,level0,level1,level2,content,ccmOrder,deleteFlag,addedBy,createdDate,updatedDate) VALUES (156,'',3,39,4,156,39,0,'admin','2014-6-3',null);
INSERT INTO FACT_ccm (ccmKey,ccmLabel,level0,level1,level2,content,ccmOrder,deleteFlag,addedBy,createdDate,updatedDate) VALUES (157,'',3,40,1,157,40,0,'admin','2014-6-3',null);
INSERT INTO FACT_ccm (ccmKey,ccmLabel,level0,level1,level2,content,ccmOrder,deleteFlag,addedBy,createdDate,updatedDate) VALUES (158,'',3,40,2,158,40,0,'admin','2014-6-3',null);
INSERT INTO FACT_ccm (ccmKey,ccmLabel,level0,level1,level2,content,ccmOrder,deleteFlag,addedBy,createdDate,updatedDate) VALUES (159,'',3,40,3,159,40,0,'admin','2014-6-3',null);
INSERT INTO FACT_ccm (ccmKey,ccmLabel,level0,level1,level2,content,ccmOrder,deleteFlag,addedBy,createdDate,updatedDate) VALUES (160,'',3,40,4,160,40,0,'admin','2014-6-3',null);
INSERT INTO FACT_ccm (ccmKey,ccmLabel,level0,level1,level2,content,ccmOrder,deleteFlag,addedBy,createdDate,updatedDate) VALUES (161,'',3,41,1,161,41,0,'admin','2014-6-3',null);
INSERT INTO FACT_ccm (ccmKey,ccmLabel,level0,level1,level2,content,ccmOrder,deleteFlag,addedBy,createdDate,updatedDate) VALUES (162,'',3,41,2,162,41,0,'admin','2014-6-3',null);
INSERT INTO FACT_ccm (ccmKey,ccmLabel,level0,level1,level2,content,ccmOrder,deleteFlag,addedBy,createdDate,updatedDate) VALUES (163,'',3,41,3,163,41,0,'admin','2014-6-3',null);
INSERT INTO FACT_ccm (ccmKey,ccmLabel,level0,level1,level2,content,ccmOrder,deleteFlag,addedBy,createdDate,updatedDate) VALUES (164,'',3,41,4,164,41,0,'admin','2014-6-3',null);
INSERT INTO FACT_ccm (ccmKey,ccmLabel,level0,level1,level2,content,ccmOrder,deleteFlag,addedBy,createdDate,updatedDate) VALUES (165,'',3,42,1,165,42,0,'admin','2014-6-3',null);
INSERT INTO FACT_ccm (ccmKey,ccmLabel,level0,level1,level2,content,ccmOrder,deleteFlag,addedBy,createdDate,updatedDate) VALUES (166,'',3,42,2,166,42,0,'admin','2014-6-3',null);
INSERT INTO FACT_ccm (ccmKey,ccmLabel,level0,level1,level2,content,ccmOrder,deleteFlag,addedBy,createdDate,updatedDate) VALUES (167,'',3,42,3,167,42,0,'admin','2014-6-3',null);
INSERT INTO FACT_ccm (ccmKey,ccmLabel,level0,level1,level2,content,ccmOrder,deleteFlag,addedBy,createdDate,updatedDate) VALUES (168,'',3,42,4,168,42,0,'admin','2014-6-3',null);
INSERT INTO FACT_ccm (ccmKey,ccmLabel,level0,level1,level2,content,ccmOrder,deleteFlag,addedBy,createdDate,updatedDate) VALUES (169,'',3,43,1,169,43,0,'admin','2014-6-3',null);
INSERT INTO FACT_ccm (ccmKey,ccmLabel,level0,level1,level2,content,ccmOrder,deleteFlag,addedBy,createdDate,updatedDate) VALUES (170,'',3,43,2,170,43,0,'admin','2014-6-3',null);
INSERT INTO FACT_ccm (ccmKey,ccmLabel,level0,level1,level2,content,ccmOrder,deleteFlag,addedBy,createdDate,updatedDate) VALUES (171,'',3,43,3,171,43,0,'admin','2014-6-3',null);
INSERT INTO FACT_ccm (ccmKey,ccmLabel,level0,level1,level2,content,ccmOrder,deleteFlag,addedBy,createdDate,updatedDate) VALUES (172,'',3,43,4,172,43,0,'admin','2014-6-3',null);
INSERT INTO FACT_ccm (ccmKey,ccmLabel,level0,level1,level2,content,ccmOrder,deleteFlag,addedBy,createdDate,updatedDate) VALUES (173,'',3,44,1,173,44,0,'admin','2014-6-3',null);
INSERT INTO FACT_ccm (ccmKey,ccmLabel,level0,level1,level2,content,ccmOrder,deleteFlag,addedBy,createdDate,updatedDate) VALUES (174,'',3,44,2,174,44,0,'admin','2014-6-3',null);
INSERT INTO FACT_ccm (ccmKey,ccmLabel,level0,level1,level2,content,ccmOrder,deleteFlag,addedBy,createdDate,updatedDate) VALUES (175,'',3,44,3,175,44,0,'admin','2014-6-3',null);
INSERT INTO FACT_ccm (ccmKey,ccmLabel,level0,level1,level2,content,ccmOrder,deleteFlag,addedBy,createdDate,updatedDate) VALUES (176,'',3,44,4,176,44,0,'admin','2014-6-3',null);
INSERT INTO FACT_ccm (ccmKey,ccmLabel,level0,level1,level2,content,ccmOrder,deleteFlag,addedBy,createdDate,updatedDate) VALUES (177,'',4,45,1,177,45,0,'admin','2014-6-3',null);
INSERT INTO FACT_ccm (ccmKey,ccmLabel,level0,level1,level2,content,ccmOrder,deleteFlag,addedBy,createdDate,updatedDate) VALUES (178,'',4,45,2,178,45,0,'admin','2014-6-3',null);
INSERT INTO FACT_ccm (ccmKey,ccmLabel,level0,level1,level2,content,ccmOrder,deleteFlag,addedBy,createdDate,updatedDate) VALUES (179,'',4,45,3,179,45,0,'admin','2014-6-3',null);
INSERT INTO FACT_ccm (ccmKey,ccmLabel,level0,level1,level2,content,ccmOrder,deleteFlag,addedBy,createdDate,updatedDate) VALUES (180,'',4,45,4,180,45,0,'admin','2014-6-3',null);
INSERT INTO FACT_ccm (ccmKey,ccmLabel,level0,level1,level2,content,ccmOrder,deleteFlag,addedBy,createdDate,updatedDate) VALUES (181,'',4,46,1,181,46,0,'admin','2014-6-3',null);
INSERT INTO FACT_ccm (ccmKey,ccmLabel,level0,level1,level2,content,ccmOrder,deleteFlag,addedBy,createdDate,updatedDate) VALUES (182,'',4,46,2,182,46,0,'admin','2014-6-3',null);
INSERT INTO FACT_ccm (ccmKey,ccmLabel,level0,level1,level2,content,ccmOrder,deleteFlag,addedBy,createdDate,updatedDate) VALUES (183,'',4,46,3,183,46,0,'admin','2014-6-3',null);
INSERT INTO FACT_ccm (ccmKey,ccmLabel,level0,level1,level2,content,ccmOrder,deleteFlag,addedBy,createdDate,updatedDate) VALUES (184,'',4,46,4,184,46,0,'admin','2014-6-3',null);
INSERT INTO FACT_ccm (ccmKey,ccmLabel,level0,level1,level2,content,ccmOrder,deleteFlag,addedBy,createdDate,updatedDate) VALUES (185,'',4,47,1,185,47,0,'admin','2014-6-3',null);
INSERT INTO FACT_ccm (ccmKey,ccmLabel,level0,level1,level2,content,ccmOrder,deleteFlag,addedBy,createdDate,updatedDate) VALUES (186,'',4,47,2,186,47,0,'admin','2014-6-3',null);
INSERT INTO FACT_ccm (ccmKey,ccmLabel,level0,level1,level2,content,ccmOrder,deleteFlag,addedBy,createdDate,updatedDate) VALUES (187,'',4,47,3,187,47,0,'admin','2014-6-3',null);
INSERT INTO FACT_ccm (ccmKey,ccmLabel,level0,level1,level2,content,ccmOrder,deleteFlag,addedBy,createdDate,updatedDate) VALUES (188,'',4,47,4,188,47,0,'admin','2014-6-3',null);
INSERT INTO FACT_ccm (ccmKey,ccmLabel,level0,level1,level2,content,ccmOrder,deleteFlag,addedBy,createdDate,updatedDate) VALUES (189,'',4,48,1,189,48,0,'admin','2014-6-3',null);
INSERT INTO FACT_ccm (ccmKey,ccmLabel,level0,level1,level2,content,ccmOrder,deleteFlag,addedBy,createdDate,updatedDate) VALUES (190,'',4,48,2,190,48,0,'admin','2014-6-3',null);
INSERT INTO FACT_ccm (ccmKey,ccmLabel,level0,level1,level2,content,ccmOrder,deleteFlag,addedBy,createdDate,updatedDate) VALUES (191,'',4,48,3,191,48,0,'admin','2014-6-3',null);
INSERT INTO FACT_ccm (ccmKey,ccmLabel,level0,level1,level2,content,ccmOrder,deleteFlag,addedBy,createdDate,updatedDate) VALUES (192,'',4,48,4,192,48,0,'admin','2014-6-3',null);
INSERT INTO FACT_ccm (ccmKey,ccmLabel,level0,level1,level2,content,ccmOrder,deleteFlag,addedBy,createdDate,updatedDate) VALUES (193,'',4,49,1,193,49,0,'admin','2014-6-3',null);
INSERT INTO FACT_ccm (ccmKey,ccmLabel,level0,level1,level2,content,ccmOrder,deleteFlag,addedBy,createdDate,updatedDate) VALUES (194,'',4,49,2,194,49,0,'admin','2014-6-3',null);
INSERT INTO FACT_ccm (ccmKey,ccmLabel,level0,level1,level2,content,ccmOrder,deleteFlag,addedBy,createdDate,updatedDate) VALUES (195,'',4,49,3,195,49,0,'admin','2014-6-3',null);
INSERT INTO FACT_ccm (ccmKey,ccmLabel,level0,level1,level2,content,ccmOrder,deleteFlag,addedBy,createdDate,updatedDate) VALUES (196,'',4,49,4,196,49,0,'admin','2014-6-3',null);
